During	O
the	O
next	O
60	O
hours	O
I	O
had	O
the	O
following	O
reactions	O
,	O
though	O
not	O
all	O
at	O
the	O
same	O
time	O
:	O
02/19/21	O
:	O
10:00PM	O
Nausea	B-SYMP
and	O
extreme	O
headache	B-SYMP
,	O
11:00	O
PM	O
-	O
2	O
hours	O
of	O
uncontrollable	O
shivering	B-SYMP
and	O
headache	B-SYMP
2/20/21	O
:	O
2:AM	O
Extreme	O
headache	B-SYMP
(	O
like	O
Migraine	B-SYMP
)	O
,	O
Nausea	B-SYMP
,	O
Body	O
aching	O
for	O
the	O
remainder	O
of	O
the	O
night	O
.	O

Tried	O
Advil	B-TREATMENT
,	O
then	O
tylenol	B-TREATMENT
-	O
did	O
n't	O
tough	O
headache	B-SYMP
.	O

7:00AM	O
-	O
Headache	B-SYMP
,	O
Body	B-SYMP
Aches	I-SYMP
,	O
Fatigue	B-SYMP
,	O
chills	B-SYMP
,	O
mild	O
diarrhea	B-SYMP
and	O
dehydration	B-SYMP
throughout	O
the	O
day	O
.	O

Advil	B-TREATMENT
helped	O
the	O
head	O
and	O
body	B-SYMP
aches	I-SYMP
finally	O
.	O

2/21/21	O
-	O
Left	O
with	O
body	O
fatigue	B-SYMP
,	O
mild	O
diarrhea	B-SYMP
,	O
dehydration	B-SYMP
.	O

Night	B-SYMP
sweats	I-SYMP
for	O
most	O
of	O
that	O
night	O
.	O

2/22/21	O
-	O
energy	O
back	O
,	O
mild	O
diarrhea	B-SYMP
left	O
.	O

2/23/21	O
-	O
good	O
,	O
except	O
left	O
with	O
mild	O
diarrhea	B-SYMP
Leary	O
of	O
taking	O
anything	O
for	O
the	O
diarrhea	B-SYMP
,	O
as	O
I	O
tend	O
to	O
block	O
up	O
.	O

Through	O
this	O
whole	O
ordeal	O
,	O
I	O
consumed	O
tons	B-TREATMENT
of	I-TREATMENT
water	I-TREATMENT
,	O
almost	O
drinking	O
nonstop	O
due	O
to	O
the	O
thirst	O
.	O

Paralyzed	B-SYMP
in	O
his	O
arms	O
and	O
legs	O
;	O
Legs	B-SYMP
were	I-SYMP
weak	I-SYMP
;	O
Severe	O
shivers	B-SYMP
;	O
This	O
is	O
a	O
spontaneous	O
report	O
from	O
a	O
contactable	O
consumer	O
,	O
the	O
patient	O
.	O

A	O
75	O
-	O
year	O
-	O
old	O
male	O
patient	O
received	O
the	O
second	O
dose	O
of	O
BNT162B2	B-TREATMENT
(	O
PFIZER	B-TREATMENT
-	O
BIONTECH	O
COVID-19	O
MRNA	O
VACCINE	B-TREATMENT
;	O
Lot	O
number	O
:	O
EN6198	O
)	O
,	O
via	O
an	O
unspecified	O
route	O
of	O
administration	O
in	O
the	O
right	O
arm	O
on	O
02	O
Mar2021	O
at	O
09:30	O
(	O
at	O
the	O
age	O
of	O
75	O
-	O
years	O
old	O
)	O
as	O
a	O
single	O
dose	O
for	O
COVID-19	O
immunization	O
.	O

Medical	O
history	O
included	O
dizziness	B-SYMP
,	O
hyperuricemia	B-SYMP
(	O
he	O
produces	O
too	B-SYMP
much	I-SYMP
uric	I-SYMP
acid	I-SYMP
and	O
it	O
causes	O
kidney	B-SYMP
stones	I-SYMP
)	O
,	O
back	B-SYMP
pain	I-SYMP
,	O
COVID-19	O
in	O
Dec2020	O
and	O
was	O
cleared	O
by	O
the	O
end	O
of	O
Dec2020	O
.	O

Ongoing	O
concomitant	O
medications	O
included	O
diazepam	B-TREATMENT
for	O
dizziness	B-SYMP
since	O
1978	O
,	O
allopurinol	B-TREATMENT
for	O
hyperuricemia	B-SYMP
,	O
oxycodone	B-TREATMENT
hydrochloride	I-TREATMENT
/	O
paracetamol	B-TREATMENT
(	O
PERCOCET	B-TREATMENT
)	O
for	O
back	B-SYMP
pain	I-SYMP
since	O
7-8	O
years	O
ago	O
.	O

There	O
were	O
no	O
other	O
vaccines	B-TREATMENT
administered	O
on	O
the	O
same	O
day	O
or	O
within	O
4	O
weeks	O
prior	O
to	O
the	O
vaccination	B-TREATMENT
.	O

The	O
patient	O
previously	O
received	O
the	O
first	O
dose	O
of	O
BNT162B2	B-TREATMENT
(	O
PFIZER	B-TREATMENT
-	O
BIONTECH	O
COVID-19	O
MRNA	O
VACCINE	B-TREATMENT
;	O
Lot	O
number	O
:	O
EL9262	O
)	O
on	O
09	O
Feb2021	O
at	O
09:30	O
(	O
at	O
the	O
age	O
of	O
75	O
-	O
years	O
-	O
old	O
)	O
in	O
the	O
left	O
arm	O
and	O
experienced	O
muscle	B-SYMP
aches	I-SYMP
.	O

On	O
02	O
Mar2021	O
at	O
21:00	O
,	O
the	O
patient	O
experienced	O
severe	O
shivers	B-SYMP
.	O

On	O
03	O
Mar2021	O
at	O
02:30	O
,	O
the	O
patient	O
woke	O
up	O
to	O
go	O
to	O
the	O
bathroom	O
and	O
noticed	O
his	O
legs	B-SYMP
were	I-SYMP
weak	I-SYMP
.	O

On	O
03	O
Mar2021	O
at	O
07:00	O
he	O
was	O
paralyzed	B-SYMP
in	O
his	O
arms	O
and	O
legs	O
-	O
he	O
could	O
feel	O
his	O
muscles	O
but	O
could	O
n't	O
make	O
them	O
move	O
.	O

He	O
just	O
laid	O
there	O
for	O
ten	O
hours	O
,	O
and	O
it	O
was	O
scary	O
,	O
and	O
he	O
thought	O
that	O
over	O
a	O
period	O
of	O
time	O
the	O
vaccine	B-TREATMENT
would	O
get	O
filtered	O
out	O
.	O

The	O
clinical	O
outcome	O
of	O
legs	B-SYMP
were	I-SYMP
weak	I-SYMP
and	O
paralyzed	B-SYMP
in	O
his	O
arms	O
and	O
legs	O
was	O
resolved	O
on	O
03	O
Mar2021	O
,	O
severe	O
shivers	B-SYMP
was	O
resolved	O
on	O
04	O
Mar2021	O
.	O

3	O
near	O
syncopal	O
episodes	O
;	O
Arm	B-SYMP
soreness	I-SYMP
at	O
injection	O
site	O
;	O
Chills	B-SYMP
;	O
muscle	B-SYMP
aches	I-SYMP
;	O
This	O
is	O
Spontaneous	O
report	O
from	O
a	O
contactable	O
Other	O
Healthcare	O
Professional	O
reported	O
for	O
herself	O
.	O

A	O
49	O
-	O
years	O
-	O
old	O
female	O
patient	O
received	O
the	O
second	O
dose	O
of	O
BNT162B2	B-TREATMENT
(	O
PFIZER	B-TREATMENT
-	O
BIONTECH	O
COVID-19	O
VACCINE	B-TREATMENT
)	O
,	O
Lot	O
number	O
=	O
EL1283	O
via	O
intramuscularly	O
on	O
12	O
Jan2021	O
10:30	O
at	O
single	O
dose	O
Vaccine	B-TREATMENT
location	O
:	O
Right	O
arm	O
for	O
covid-19	O
immunisation	O
,	O
facility	O
type	O
vaccine	B-TREATMENT
:	O
hospital	O
.	O

Medical	O
history	O
included	O
hypertension	O
and	O
the	O
first	O
dose	O
of	O
BNT162B2	B-TREATMENT
Lot	O
number	O
=	O
EK5730	O
in	O
Dec2020	O
10:00	O
Intramuscular	O
,	O
Vaccine	B-TREATMENT
location	O
Right	O
arm	O
Facility	O
type	O
vaccine	B-TREATMENT
Hospital	O
.	O

On	O
12	O
Jan2021	O
22:00	O
the	O
patient	O
experienced	O
3	O
near	O
syncopal	O
episodes	O
,	O
arm	B-SYMP
soreness	I-SYMP
at	O
injection	O
site	O
,	O
chills	B-SYMP
and	O
muscle	B-SYMP
aches	I-SYMP
.	O

The	O
event	O
outcome	O
was	O
recovered	O
and	O
action	O
taken	O
is	O
not	O
applicable	O
.	O
;	O
Sender	O
's	O
Comments	O
:	O
Based	O
on	O
the	O
time	O
association	O
,	O
the	O
possible	O
contribution	O
of	O
suspect	O
BNT162B2	B-TREATMENT
to	O
the	O
event	O
near	O
syncope	O
can	O
not	O
be	O
excluded	O
.	O

The	O
impact	O
of	O
this	O
report	O
on	O
the	O
benefit	O
/	O
risk	O
profile	O
of	O
the	O
Pfizer	B-TREATMENT
product	O
is	O
evaluated	O
as	O
part	O
of	O
Pfizer	B-TREATMENT
procedures	O
for	O
safety	O
evaluation	O
,	O
including	O
the	O
review	O
and	O
analysis	O
of	O
aggregate	O
data	O
for	O
adverse	O
events	O
.	O

On	O
the	O
day	O
of	O
the	O
vaccination	B-TREATMENT
in	O
the	O
afternoon	O
I	O
felt	O
very	O
tired	B-SYMP
and	O
at	O
times	O
I	O
felt	O
dizzy	B-SYMP
.	O

The	O
next	O
day	O
I	O
woke	O
up	O
with	O
an	O
intermittent	O
headache	B-SYMP
,	O
little	O
bit	O
fatigue	B-SYMP
,	O
very	O
very	O
tired	B-SYMP
,	O
my	O
arm	B-SYMP
was	I-SYMP
super	I-SYMP
heavy	I-SYMP
and	O
I	O
was	O
in	O
bed	O
all	O
day	O
.	O

The	O
third	O
day	O
I	O
felt	O
dizzy	B-SYMP
at	O
times	O
,	O
tired	B-SYMP
,	O
my	O
eyes	B-SYMP
itched	I-SYMP
a	O
lot	O
and	O
my	O
body	O
.	O

right	B-SYMP
ear	I-SYMP
was	I-SYMP
aching	I-SYMP
;	O
head	B-SYMP
was	I-SYMP
ache	I-SYMP
;	O
jaw	B-SYMP
was	I-SYMP
also	I-SYMP
aching	I-SYMP
/	O
throbbing	B-SYMP
;	O
swelling	B-SYMP
of	I-SYMP
bottom	I-SYMP
lip	I-SYMP
and	O
it	O
was	O
hot	O
/	O
bottom	O
of	O
the	O
lip	O
(	O
underneath	B-SYMP
)	O
was	O
swollen	O
;	O
felt	B-SYMP
sick	I-SYMP
similar	O
to	O
a	O
sinus	B-SYMP
infection	I-SYMP
/	O
pressure	B-TREATMENT
in	I-TREATMENT
front	I-TREATMENT
of	I-TREATMENT
head	I-TREATMENT
,	O
jaw	O
,	O
right	O
ear	O
/	O
sinus	B-SYMP
pressure	I-SYMP
/	O
pressure	O
in	O
nose	O
/	O
bad	O
sinus	B-SYMP
infection	I-SYMP
in	O
whole	O
head	O
/	O
bad	O
sinuses	O
/	O
took	O
an	O
antibiotic	O
for	O
sinus	B-TREATMENT
and	I-TREATMENT
pressure	I-TREATMENT
;	O
dizzy	B-SYMP
on	O
and	O
off	O
/	O
Dizziness	B-SYMP
;	O
This	O
is	O
a	O
spontaneous	O
report	O
from	O
a	O
contactable	O
consumer	O
(	O
patient	O
)	O
.	O

A	O
59	O
-	O
year	O
-	O
old	O
female	O
patient	O
received	O
first	O
dose	O
of	O
BNT162B2	B-TREATMENT
(	O
PFIZER	B-TREATMENT
-	O
BIONTECH	O
COVID-19	O
VACCINE	B-TREATMENT
;	O
Solution	O
for	O
injection	O
,	O
unknown	O
lot	O
number	O
and	O
expiration	O
)	O
,	O
via	O
an	O
unspecified	O
route	O
of	O
administration	O
in	O
right	O
arm	O
on	O
19	O
Jan2021	O
at	O
a	O
single	O
dose	O
for	O
COVID-19	O
immunization	O
.	O

Medical	O
history	O
included	O
sinus	B-SYMP
problems	I-SYMP
,	O
allergy	B-SYMP
,	O
allergy	B-SYMP
to	O
cow	O
's	O
milk	O
,	O
TMJ	B-SYMP
(	O
she	O
had	O
her	O
wisdom	O
teeth	O
she	O
was	O
having	O
issues	O
on	O
the	O
right	O
side	O
;	O
after	O
they	O
pulled	O
it	O
out	O
she	O
was	O
fine	O
)	O
,	O
and	O
wisdom	O
teeth	O
pulled	O
out	O
at	O
the	O
age	O
of	O
57	O
or	O
58	O
.	O

Concomitant	O
medication	O
included	O
ascorbic	B-TREATMENT
acid	I-TREATMENT
,	O
biotin	B-TREATMENT
,	O
folic	B-TREATMENT
acid	I-TREATMENT
,	O
iron	B-TREATMENT
,	O
manganese	B-TREATMENT
,	O
nicotinic	B-TREATMENT
acid	I-TREATMENT
,	O
pantothenic	B-TREATMENT
acid	I-TREATMENT
,	O
pyridoxine	B-TREATMENT
hydrochloride	I-TREATMENT
,	O
retinol	B-TREATMENT
,	O
riboflavin	B-TREATMENT
,	O
selenium	B-TREATMENT
,	O
thiamine	B-TREATMENT
,	O
vitamin	B-TREATMENT
b12	I-TREATMENT
nos	O
,	O
vitamin	B-TREATMENT
d	I-TREATMENT
nos	O
,	O
vitamin	B-TREATMENT
e	I-TREATMENT
nos	O
,	O
zinc	B-TREATMENT
(	O
CENTRUM	B-TREATMENT
FRUITY	I-TREATMENT
CHEWABLES	I-TREATMENT
)	O
.	O

The	O
patient	O
previously	O
took	O
keflex	B-TREATMENT
and	O
was	O
allergic	O
to	O
it	O
.	O

The	O
patient	O
received	O
her	O
first	O
dose	O
of	O
COVID-19	O
vaccine	B-TREATMENT
on	O
19	O
Jan2021	O
.	O

On	O
Friday	O
(	O
22	O
Jan2021	O
)	O
,	O
the	O
patient	O
reported	O
to	O
have	O
felt	B-SYMP
sick	I-SYMP
similar	O
to	O
a	O
sinus	B-SYMP
infection	I-SYMP
,	O
there	O
were	O
pressure	B-TREATMENT
in	I-TREATMENT
front	I-TREATMENT
of	I-TREATMENT
head	I-TREATMENT
,	O
jaw	O
,	O
and	O
right	O
ear	O
and	O
was	O
dizzy	B-SYMP
on	O
and	O
off	O
for	O
a	O
long	O
period	O
.	O

She	O
had	O
a	O
sinus	B-SYMP
pressure	I-SYMP
/	O
pressure	O
in	O
her	O
nose	O
and	O
felt	O
like	O
she	O
had	O
a	O
bad	O
sinus	B-SYMP
infection	I-SYMP
in	O
whole	O
head	O
.	O

She	O
is	O
not	O
saying	O
she	O
had	O
a	O
sinus	B-SYMP
infection	I-SYMP
,	O
but	O
that	O
's	O
what	O
she	O
experienced	O
after	O
receiving	O
the	O
shot	O
.	O

Her	O
right	B-SYMP
ear	I-SYMP
was	I-SYMP
aching	I-SYMP
,	O
head	B-SYMP
was	I-SYMP
ache	I-SYMP
,	O
and	O
jaw	B-SYMP
was	I-SYMP
also	I-SYMP
aching	I-SYMP
/	O
throbbing	B-SYMP
on	O
unspecified	O
dates	O
.	O

The	O
patient	O
mentioned	O
that	O
she	O
had	O
swelling	B-SYMP
of	I-SYMP
bottom	I-SYMP
lip	I-SYMP
and	O
it	O
was	O
hot	O
/	O
bottom	O
of	O
the	O
lip	O
(	O
underneath	B-SYMP
)	O
was	O
swollen	O
on	O
07	O
Feb2021	O
but	O
it	O
went	O
away	O
today	O
(	O
08	O
Feb2021	O
)	O
.	O

It	O
was	O
actually	O
her	O
neighbor	O
that	O
noticed	O
the	O
swelling	B-TREATMENT
and	O
said	O
it	O
was	O
on	O
the	O
bottom	O
of	O
lip	O
chin	O
area	O
,	O
it	O
also	O
felt	O
hard	O
when	O
touching	O
it	O
.	O

She	O
took	O
an	O
antibiotic	O
for	O
sinus	B-TREATMENT
and	I-TREATMENT
pressure	I-TREATMENT
and	O
her	O
doctor	O
told	O
her	O
that	O
these	O
could	O
be	O
side	O
effects	O
of	O
the	O
COVID	O
vaccine	B-TREATMENT
as	O
it	O
causes	O
dizziness	B-SYMP
and	O
pressure	O
.	O

The	O
dizziness	B-SYMP
must	O
have	O
been	O
from	O
the	O
pressure	O
since	O
it	O
was	O
in	O
her	O
ear	O
,	O
cheek	O
bones	O
,	O
and	O
right	O
ear	O
was	O
throbbing	B-SYMP
.	O

The	O
patient	O
recovered	O
from	O
events	O
"	O
felt	B-SYMP
sick	I-SYMP
similar	O
to	O
a	O
sinus	B-SYMP
infection	I-SYMP
/	O
pressure	B-TREATMENT
in	I-TREATMENT
front	I-TREATMENT
of	I-TREATMENT
head	I-TREATMENT
,	O
jaw	O
,	O
and	O
right	O
ear	O
/	O
sinus	B-SYMP
pressure	I-SYMP
/	O
pressure	O
in	O
her	O
nose	O
/	O
bad	O
sinus	B-SYMP
infection	I-SYMP
in	O
whole	O
head	O
/	O
bad	O
sinuses	O
/	O
took	O
an	O
antibiotic	O
for	O
sinus	B-TREATMENT
and	I-TREATMENT
pressure	I-TREATMENT
"	O
and	O
dizzy	B-SYMP
on	O
and	O
off	O
/	O
dizziness	B-SYMP
on	O
06	O
Feb2021	O
;	O
recovered	O
from	O
event	O
swelling	B-SYMP
of	I-SYMP
bottom	I-SYMP
lip	I-SYMP
on	O
08	O
Feb2021	O
;	O
while	O
unknown	O
outcome	O
for	O
the	O
remaining	O
events	O
.	O

Sore	B-SYMP
Arm	I-SYMP
;	O
Nausea	B-SYMP
;	O
Light	B-SYMP
Headedness	I-SYMP
;	O
This	O
is	O
a	O
spontaneous	O
report	O
received	O
from	O
a	O
contactable	O
consumer	O
(	O
patient	O
herself	O
)	O
.	O

A	O
27	O
-	O
year	O
-	O
old	O
female	O
patient	O
received	O
first	O
dose	O
of	O
BNT162B2	B-TREATMENT
(	O
PFIZER	B-TREATMENT
-	O
BIONTECH	O
COVID-19	O
VACCINE	B-TREATMENT
,	O
formulation	O
solution	O
for	O
injection	O
and	O
lot	O
number	O
EN5318	O
)	O
via	O
an	O
unspecified	O
route	O
of	O
administration	O
to	O
left	O
arm	O
on	O
04	O
Feb2021	O
at	O
single	O
dose	O
for	O
COVID-19	O
immunization	O
.	O

It	O
was	O
reported	O
as	O
patient	O
experienced	O
with	O
Sore	B-SYMP
Arm	I-SYMP
,	O
Nausea	B-SYMP
,	O
Light	B-SYMP
Headedness	I-SYMP
on	O
04	O
Feb2021	O
.	O

After	O
shot	O
became	O
tired	B-SYMP
.	O

The	O
next	O
day	O
I	O
went	O
on	O
a	O
hike	O
and	O
had	O
breathing	B-SYMP
issues	I-SYMP
.	O

Janssen	O
COVID-19	O
Vaccine	B-TREATMENT
EUA	O
(	O
3/6	O
)	O
Fatigue	B-SYMP
began	O
4	O
hours	O
after	O
vaccine	B-TREATMENT
.	O

(	O
3/6	O
)	O
Severe	O
headache	B-SYMP
,	O
severe	O
fatigue	B-SYMP
,	O
moderate	B-SYMP
fever	I-SYMP
,	O
mild	B-SYMP
aches	I-SYMP
,	O
mild	O
nausea	B-SYMP
beginning	O
the	O
next	O
day	O
(	O
3/7	O
)	O
and	O
lasting	O
until	O
(	O
3/8	O
)	O
.	O

Mild	O
headache	B-SYMP
and	O
mild	O
fatigue	B-SYMP
all	O
day	O
(	O
3/8	O
)	O

Pounding	O
headache	B-SYMP
started	O
around	O
4	O
pm	O
body	B-SYMP
aches	I-SYMP
started	O
around	O
4:30	O
pm	O
.	O

Headache	B-SYMP
went	O
away	O
today	O
which	O
is	O
the	O
next	O
morning	O
.	O

I	O
took	O
Advil	B-TREATMENT
3	O
times	O
to	O
stop	O
the	O
pain	B-SYMP
.	O

Today	O
which	O
is	O
the	O
next	O
day	O
I	O
?	O
m	O
just	O
tired	B-SYMP
my	O
body	O
is	O
fatigue	B-SYMP
I	O
just	O
been	O
sleeping	O
because	O
I	O
feel	O
horrible	O
.	O

Nausea	B-SYMP
beginning	O
at	O
830pm	O
,	O
slight	O
body	B-SYMP
aches	I-SYMP
and	O
slight	O
headache	B-SYMP
.	O

Second	O
day	O
felt	O
mostly	O
fine	O
except	O
for	O
continued	O
body	B-SYMP
aches	I-SYMP
which	O
ended	O
around	O
3pm	O

Tinnitus	B-SYMP
;	O
headache	B-SYMP
;	O
This	O
is	O
a	O
spontaneous	O
report	O
from	O
a	O
contactable	O
other	O
Health	O
Professional	O
(	O
patient	O
)	O
.	O

A	O
37	O
-	O
year	O
-	O
old	O
female	O
non-pregnant	O
patient	O
received	O
BNT162B2	B-TREATMENT
(	O
PFIZER	B-TREATMENT
-	O
BIONTECH	O
COVID-19	O
VACCINE	B-TREATMENT
,	O
Lot	O
number	O
:	O
EL1284	O
)	O
,	O
via	O
an	O
unspecified	O
route	O
of	O
administration	O
on	O
09	O
Jan2021	O
10:00	O
at	O
single	O
dose	O
in	O
right	O
arm	O
for	O
covid-19	O
immunization	O
.	O

Medical	O
history	O
included	O
chronic	O
pain	B-SYMP
,	O
hypothyroidism	B-SYMP
and	O
anxiety	B-SYMP
,	O
allergies	B-SYMP
to	I-SYMP
medications	I-SYMP
,	O
food	O
,	O
or	O
other	O
products	O
included	O
sulfa	O
.	O
The	O
patient	O
did	O
not	O
receive	O
any	O
other	O
vaccines	B-TREATMENT
within	O
4	O
weeks	O
prior	O
to	O
the	O
COVID	O
vaccine	B-TREATMENT
.	O

Concomitant	O
medication	O
included	O
levothyroxine	B-TREATMENT
,	O
eszopiclone	B-TREATMENT
(	O
LUNESTA	B-TREATMENT
)	O
,	O
ibuprofen	B-TREATMENT
(	O
MOTRIN	B-TREATMENT
)	O
,	O
celecoxib	B-TREATMENT
(	O
CELEXA	B-TREATMENT
)	O
.	O

Prior	O
to	O
vaccination	B-TREATMENT
,	O
the	O
patient	O
was	O
not	O
diagnosed	O
with	O
COVID-19	O
and	O
since	O
the	O
vaccination	B-TREATMENT
,	O
the	O
patient	O
had	O
not	O
been	O
tested	O
for	O
COVID-19	O
.	O

The	O
patient	O
experienced	O
tinnitus	B-SYMP
and	O
headache	B-SYMP
on	O
11	O
Jan2021	O
.	O

Four	O
days	O
after	O
vaccine	B-TREATMENT
daily	O
headaches	B-SYMP
started	O
.	O

14	O
days	O
after	O
vaccine	B-TREATMENT
pins	O
and	O
needles	B-SYMP
sensation	I-SYMP
began	O
on	O
feet	O
,	O
legs	O
,	O
arms	O
,	O
hands	O
and	O
back	O
.	O

I	O
am	O
now	O
22	O
days	O
post	O
vaccine	B-TREATMENT
and	O
all	O
symptoms	O
are	O
continuing	O
.	O

Pt	O
received	O
her	O
2nd	O
dose	O
of	O
the	O
pfizer	B-TREATMENT
vaccination	B-TREATMENT
on	O
1/29/2021	O
and	O
5	O
hours	O
later	O
,	O
developed	O
a	O
fever	O
of	O
102	O
F	O
,	O
muscle	B-SYMP
aches	I-SYMP
and	O
had	O
a	O
syncopal	B-SYMP
episode	I-SYMP
.	O

3AM	O
1/13	O
WOKE	O
UP	O
WITH	O
FEVER	B-SYMP
12PM	O
1/13	O
VOMIT	O
.	O

ALL	O
DAY	O
FEVER	B-SYMP
,	O
MUSCLE	O
PAIN	B-SYMP
TOOK	O
TYLENOL	B-TREATMENT
1	O
GRAM	O
@	O
4AM	O
1/13	O
12PM	O
1/13	O
,	O
10PM	O
1/13	O

muscle	B-SYMP
soreness	I-SYMP
;	O
This	O
is	O
a	O
spontaneous	O
report	O
from	O
a	O
contactable	O
healthcare	O
professional	O
.	O

An	O
adult	O
female	O
patient	O
received	O
second	O
dose	O
of	O
BNT162B2	B-TREATMENT
(	O
PFIZER	B-TREATMENT
-	O
BIONTECH	O
COVID-19	O
VACCINE	B-TREATMENT
)	O
,	O
intramuscular	O
on	O
07	O
Jan2021	O
in	O
left	O
arm	O
at	O
single	O
dose	O
for	O
COVID-19	O
immunization	O
.	O

The	O
patient	O
was	O
not	O
pregnant	O
at	O
the	O
time	O
of	O
vaccination	B-TREATMENT
.	O

The	O
patient	O
had	O
historical	O
vaccine	B-TREATMENT
of	O
first	O
dose	O
of	O
BNT162B2	B-TREATMENT
on	O
unspecified	O
date	O
.	O

The	O
patient	O
had	O
no	O
allergies	B-SYMP
to	I-SYMP
medications	I-SYMP
,	O
food	O
,	O
or	O
other	O
products	O
.	O

On	O
07	O
Jan2021	O
,	O
the	O
patient	O
experienced	O
muscle	B-SYMP
soreness	I-SYMP
the	O
day	O
of	O
the	O
injection	O
.	O

The	O
facility	O
where	O
the	O
most	O
recent	O
COVID-19	O
vaccine	B-TREATMENT
was	O
administered	O
was	O
in	O
the	O
hospital	O
.	O

It	O
was	O
unknown	O
if	O
the	O
patient	O
received	O
any	O
other	O
vaccines	B-TREATMENT
within	O
4	O
weeks	O
prior	O
to	O
the	O
COVID	O
vaccine	B-TREATMENT
.	O

Prior	O
to	O
vaccination	B-TREATMENT
,	O
it	O
was	O
unknown	O
if	O
the	O
patient	O
was	O
diagnosed	O
with	O
COVID-19	O
.	O

Since	O
the	O
vaccination	B-TREATMENT
,	O
it	O
was	O
unknown	O
if	O
the	O
patient	O
was	O
tested	O
for	O
COVID-19	O
.	O

Nausea	B-SYMP
,	O
body	B-SYMP
aches	I-SYMP
,	O
fever	B-SYMP
all	O
started	O
24	O
hours	O
after	O
vaccine	B-TREATMENT
.	O

Mild	O
nausea	B-SYMP
;	O
This	O
is	O
a	O
spontaneous	O
report	O
from	O
a	O
contactable	O
consumer	O
(	O
patient	O
)	O
.	O

A	O
73	O
-	O
years	O
-	O
old	O
female	O
patient	O
received	O
first	O
dose	O
of	O
bnt162b2	B-TREATMENT
(	O
PFIZER	B-TREATMENT
-	O
BIONTECH	O
COVID-19	O
VACCINE	B-TREATMENT
;	O
lot	O
number	O
and	O
expiration	O
date	O
unspecified	O
)	O
,	O
via	O
an	O
unspecified	O
route	O
of	O
administration	O
on	O
28	O
Jan2021	O
18:30	O
at	O
single	O
dose	O
(	O
right	O
arm	O
)	O
for	O
covid-19	O
immunization	O
.	O

Medical	O
history	O
included	O
allergies	B-SYMP
,	O
asthma	B-SYMP
and	O
Clostridium	B-SYMP
difficile	I-SYMP
(	O
c.	B-SYMP
dif	I-SYMP
)	O
.	O

Patient	O
had	O
allergies	B-SYMP
to	I-SYMP
medications	I-SYMP
,	O
food	O
or	O
other	O
products	O
.	O

Concomitant	O
medication	O
included	O
rosuvastatin	O
within	O
2	O
weeks	O
of	O
vaccination	B-TREATMENT
.	O

The	O
patient	O
received	O
other	O
vaccine	B-TREATMENT
within	O
4	O
weeks	O
prior	O
to	O
Covid	O
vaccine	B-TREATMENT
included	O
1	O
dose	O
of	O
pneumonia	O
vaccine	B-TREATMENT
on	O
07	O
Jan2021	O
at	O
a	O
clinic	O
.	O

On	O
28	O
Jan2021	O
18:30	O
,	O
the	O
patient	O
experienced	O
mild	O
nausea	B-SYMP
.	O

Prior	O
to	O
vaccination	B-TREATMENT
,	O
patient	O
was	O
not	O
diagnosed	O
with	O
COVID-19	O
and	O
since	O
the	O
vaccination	B-TREATMENT
,	O
patient	O
has	O
not	O
patient	O
been	O
tested	O
for	O
covid-19	O
.	O

Patient	O
received	O
first	O
dose	O
of	O
Moderna	B-TREATMENT
COVID-19	O
vaccine	B-TREATMENT
today	O
at	O
approximately	O
07:30	O
hours	O
.	O

Approximately	O
5-7	O
minutes	O
after	O
receiving	O
vaccine	B-TREATMENT
patient	O
experienced	O
a	O
brief	O
wave	O
of	O
nausea	B-SYMP
.	O

Denies	O
any	O
additional	O
symptoms	O
and	O
said	O
that	O
the	O
nausea	B-SYMP
passed	O
within	O
about	O
a	O
minute	O
.	O

Disposition	O
:	O
Patient	O
has	O
a	O
history	O
of	O
anxiety	B-SYMP
and	O
verbalized	B-SYMP
that	O
she	O
was	O
feeling	O
anxious	B-SYMP
to	O
receive	O
the	O
vaccine	B-TREATMENT
and	O
had	O
n't	O
sleep	O
well	O
.	O

Patient	O
stated	O
that	O
she	O
does	O
experience	O
waves	O
of	O
nausea	B-SYMP
when	O
she	O
is	O
feeling	O
anxious	B-SYMP
and	O
stated	O
that	O
the	O
brief	O
episode	O
of	O
nausea	B-SYMP
had	O
passed	O
and	O
continued	O
to	O
deny	O
any	O
additional	O
symptoms	O
.	O

Patient	O
ambulated	O
out	O
of	O
the	O
vaccine	B-TREATMENT
clinic	O
.	O

little	B-SYMP
soreness	I-SYMP
;	O
This	O
is	O
a	O
spontaneous	O
report	O
from	O
a	O
contactable	O
consumer	O
(	O
patient	O
)	O
.	O

A	O
77	O
-	O
year	O
-	O
old	O
female	O
patient	O
received	O
bnt162b2	B-TREATMENT
(	O
PFIZER	B-TREATMENT
-	O
BIONTECH	O
COVID-19	O
VACCINE	B-TREATMENT
,	O
Lot	O
number	O
:	O
EH9899	O
)	O
,	O
via	O
an	O
unspecified	O
route	O
of	O
administration	O
on	O
20	O
Jan2021	O
at	O
single	O
dose	O
for	O
COVID-19	O
immunization	O
.	O

Patient	O
is	O
taking	O
medications	O
as	O
blood	O
like	O
thinner	O
and	O
for	O
osteoporosis	B-SYMP
.	O

She	O
has	O
allergies	B-SYMP
previously	O
to	O
grass	O
and	O
dust	O
mites	O
.	O

She	O
always	O
has	O
a	O
wet	B-SYMP
nose	I-SYMP
when	O
having	O
allergies	B-SYMP
and	O
does	O
a	O
nose	O
drop	O
and	O
cleaner	O
.	O

Concomitant	O
medication	O
included	O
levothyroxine	B-TREATMENT
sodium	B-TREATMENT
(	O
SYNTHROID	B-TREATMENT
)	O
,	O
lisinopril	B-TREATMENT
,	O
amlodipine	B-TREATMENT
,	O
simvastatin	B-TREATMENT
,	O
acetylsalicylic	B-TREATMENT
acid	I-TREATMENT
(	O
BABY	B-TREATMENT
ASPIRIN	I-TREATMENT
)	O
as	O
blood	B-TREATMENT
thinner	I-TREATMENT
and	O
paracetamol	B-TREATMENT
(	O
TYLENOL	B-TREATMENT
ARTHRITIS	B-TREATMENT
)	O
for	O
osteoporosis	B-SYMP
.	O

On	O
an	O
unspecified	O
date	O
in	O
Jan2021	O
she	O
had	O
little	B-SYMP
soreness	I-SYMP
and	O
had	O
no	O
other	O
symptoms	O
.	O

The	O
patient	O
was	O
asking	O
if	O
she	O
should	O
stop	O
taking	O
the	O
BABY	B-TREATMENT
ASPIRIN	I-TREATMENT
and	O
TYLENOL	B-TREATMENT
ARTHRITIS	B-TREATMENT
now	O
that	O
she	O
got	O
the	O
vaccine	B-TREATMENT
.	O

She	O
read	O
some	O
place	O
one	O
should	O
not	O
take	O
any	O
aspirin	B-TREATMENT
.	O

Soreness	B-SYMP
in	I-SYMP
arm	I-SYMP
;	O
Body	B-SYMP
aches	I-SYMP
;	O
This	O
is	O
a	O
spontaneous	O
report	O
received	O
from	O
a	O
contactable	O
(	O
patient	O
)	O
via	O
a	O
Pfizer	B-TREATMENT
-	O
sponsored	O
program	O
.	O

A	O
female	O
patient	O
of	O
an	O
unspecified	O
age	O
received	O
BNT162B2	B-TREATMENT
(	O
PFIZER	B-TREATMENT
-	O
BIONTECH	O
COVID-19	O
VACCINE	B-TREATMENT
,	O
lot	O
number	O
and	O
expiry	O
date	O
not	O
reported	O
)	O
,	O
via	O
an	O
unspecified	O
route	O
of	O
administration	O
,	O
on	O
15	O
Jan2021	O
,	O
at	O
single	O
dose	O
,	O
for	O
COVID-19	O
immunization	O
.	O

The	O
patient	O
experienced	O
soreness	B-SYMP
in	I-SYMP
arm	I-SYMP
and	O
body	B-SYMP
aches	I-SYMP
on	O
15	O
Jan2021	O
.	O

The	O
patient	O
wanted	O
to	O
know	O
if	O
she	O
can	O
take	O
Tylenol	B-TREATMENT
or	O
ibuprofen	B-TREATMENT
.	O

Blood	B-SYMP
clot	I-SYMP
in	O
his	O
left	O
lung	O
and	O
right	O
lung	O
;	O
Blood	B-SYMP
clots	I-SYMP
in	O
his	O
right	O
groin	O
;	O
Terrible	O
pain	B-SYMP
on	O
the	O
left	O
side	O
of	O
his	O
upper	O
body	O
,	O
It	O
hurts	O
so	O
much	O
;	O
A	O
spontaneous	O
report	O
was	O
received	O
from	O
a	O
consumer	O
concerning	O
a	O
78	O
years	O
old	O
male	O
patient	O
,	O
who	O
received	O
Moderna	B-TREATMENT
's	O
COVID-19	O
vaccine	B-TREATMENT
(	O
mRNA-1273	O
)	O
and	O
experienced	O
terrible	O
pain	B-SYMP
on	O
the	O
left	O
side	O
of	O
his	O
upper	O
body	O
,	O
it	O
hurt	O
so	O
much	O
,	O
blood	B-SYMP
clot	I-SYMP
in	O
his	O
left	O
and	O
right	O
lung	O
and	O
blood	B-SYMP
clots	I-SYMP
in	O
right	O
groin	O
.	O

The	O
patient	O
's	O
medical	O
history	O
was	O
reported	O
by	O
the	O
reporter	O
as	O
high	B-SYMP
blood	I-SYMP
pressure	I-SYMP
,	O
prediabetes	B-SYMP
and	O
hepatitis	B-SYMP
C	I-SYMP
due	O
to	O
a	O
bad	B-SYMP
blood	I-SYMP
transfusion	I-SYMP
(	O
treated	O
with	O
Mavyret	B-TREATMENT
)	O
.	O

On	O
14	O
Feb	O
2021	O
,	O
3	O
days	O
after	O
vaccination	B-TREATMENT
,	O
patient	O
had	O
a	O
terrible	O
pain	B-SYMP
on	O
the	O
left	O
side	O
of	O
his	O
upper	O
body	O
and	O
was	O
hospitalized	O
,	O
the	O
tests	O
revealed	O
blood	B-SYMP
clot	I-SYMP
in	O
his	O
left	O
and	O
right	O
lung	O
as	O
well	O
as	O
in	O
right	O
groin	O
,	O
which	O
was	O
treated	O
by	O
Eliquis	B-TREATMENT
.	O

The	O
reporting	O
physician	O
assessed	O
the	O
events	O
as	O
not	O
related	O
to	O
the	O
product	O
,	O
but	O
did	O
not	O
recommend	O
second	O
of	O
vaccine	B-TREATMENT
.	O

The	O
outcome	O
of	O
events	O
was	O
unknown	O
.	O
;	O
Reporter	O
's	O
Comments	O
:	O
Based	O
on	O
reporter	O
's	O
causality	O
and	O
history	O
of	O
diabetes	B-SYMP
and	O
Hepatitis	B-SYMP
C	I-SYMP
infection	O
,	O
the	O
event	O
is	O
assessed	O
as	O
unlikely	O
related	O
to	O
mRNA-1273	O
.	O

Sore	B-SYMP
arm	I-SYMP
;	O
This	O
is	O
a	O
spontaneous	O
report	O
from	O
a	O
contactable	O
consumer	O
(	O
patient	O
)	O
Â¬	O
.	O

A	O
65	O
-	O
year	O
-	O
old	O
female	O
patient	O
received	O
the	O
first	O
dose	O
of	O
BNT162B2	B-TREATMENT
(	O
PFIZER	B-TREATMENT
-	O
BIONTECH	O
COVID-19	O
MRNA	O
VACCINE	B-TREATMENT
)	O
,	O
via	O
an	O
unspecified	O
route	O
of	O
administration	O
in	O
the	O
left	O
arm	O
,	O
on	O
11	O
Jan2021	O
at	O
12:00	O
(	O
at	O
the	O
age	O
of	O
65	O
-	O
years	O
-	O
old	O
)	O
at	O
a	O
single	O
dose	O
for	O
COVID-19	O
immunisation	O
.	O

Medical	O
history	O
included	O
osteoporosis	B-SYMP
,	O
stroke	B-SYMP
history	O
(	O
35	O
-	O
years	O
-	O
old	O
)	O
,	O
significant	B-SYMP
lactose	I-SYMP
intolerance	I-SYMP
,	O
gastrointestinal	B-SYMP
(	O
GI	O
)	O
issues	O
,	O
and	O
allergy	B-SYMP
to	O
Caine	O
family	O
of	O
drugs	O
.	O

The	O
patient	O
was	O
not	O
pregnant	O
at	O
the	O
time	O
of	O
vaccination	B-TREATMENT
.	O

Prior	O
to	O
the	O
vaccination	B-TREATMENT
,	O
the	O
patient	O
was	O
not	O
diagnosed	O
with	O
COVID-19	O
.	O

Concomitant	O
medications	O
,	O
taken	O
within	O
two	O
weeks	O
of	O
vaccination	B-TREATMENT
,	O
included	O
evolocumab	B-SYMP
(	O
REPATHA	B-SYMP
SURECLICK	I-SYMP
)	O
and	O
lorazepam	B-SYMP
(	O
MANUFACTURER	O
UNKNOWN	O
)	O
.	O

The	O
patient	O
did	O
not	O
receive	O
any	O
other	O
vaccines	B-TREATMENT
within	O
four	O
weeks	O
prior	O
to	O
the	O
vaccination	B-TREATMENT
.	O

The	O
patient	O
experienced	O
sore	B-SYMP
arm	I-SYMP
in	O
2021	O
.	O

The	O
clinical	O
outcome	O
of	O
sore	B-SYMP
arm	I-SYMP
was	O
recovered	O
in	O
2021	O
.	O

It	O
was	O
also	O
reported	O
that	O
since	O
the	O
vaccination	B-TREATMENT
,	O
the	O
patient	O
had	O
not	O
been	O
tested	O
for	O
COVID-19	O
.	O

The	O
batch	O
/	O
lot	O
number	O
for	O
the	O
vaccine	B-TREATMENT
,	O
BNT162B2	B-TREATMENT
,	O
was	O
not	O
provided	O
and	O
will	O
be	O
requested	O
during	O
follow	O
up	O
.	O

My	O
left	O
hand	O
turned	O
blue	O
and	O
the	O
veins	O
in	O
that	O
hand	O
looked	O
very	O
dark	O
(	O
almost	O
purple	O
)	O
;	O
soreness	B-SYMP
across	O
entire	O
arm	O
,	O
especially	O
at	O
injection	O
site	O
;	O
swollen	B-SYMP
injection	O
site	O
;	O
tingling	B-SYMP
across	O
entire	O
arm	O
;	O
soreness	B-SYMP
across	O
entire	O
arm	O
;	O
This	O
is	O
a	O
spontaneous	O
report	O
from	O
a	O
contactable	O
consumer	O
(	O
patient	O
)	O
.	O

A	O
32	O
-	O
year	O
-	O
old	O
female	O
patient	O
received	O
BNT162B2	B-TREATMENT
(	O
PFIZER	B-TREATMENT
-	O
BIONTECH	O
COVID-19	O
VACCINE	B-TREATMENT
)	O
first	O
dose	O
on	O
27	O
Jan2021	O
16:00	O
(	O
lot	O
number	O
:	O
EN5318	O
)	O
,	O
via	O
an	O
unspecified	O
route	O
of	O
administration	O
in	O
the	O
left	O
arm	O
at	O
single	O
dose	O
for	O
COVID-19	O
immunization	O
in	O
public	O
health	O
department	O
.	O

The	O
patient	O
's	O
medical	O
history	O
includes	O
sciatic	B-SYMP
nerve	I-SYMP
pain	I-SYMP
,	O
allergic	B-SYMP
to	O
cats	O
and	O
some	O
dogs	O
,	O
back	B-SYMP
pain	I-SYMP
from	O
scoliosis	O
and	O
anemic	O
,	O
all	O
from	O
an	O
unknown	O
date	O
and	O
unknown	O
if	O
ongoing	O
.	O

The	O
patient	O
did	O
not	O
receive	O
any	O
other	O
vaccine	B-TREATMENT
within	O
four	O
weeks	O
.	O

The	O
patient	O
did	O
not	O
receive	O
any	O
other	O
medications	O
the	O
patient	O
received	O
within	O
2	O
weeks	O
of	O
vaccination	B-TREATMENT
.	O

The	O
patient	O
was	O
not	O
pregnant	O
at	O
the	O
time	O
of	O
vaccination	B-TREATMENT
.	O

The	O
patient	O
was	O
not	O
diagnosed	O
with	O
Covid-19	O
prior	O
to	O
vaccination	B-TREATMENT
and	O
was	O
not	O
tested	O
after	O
the	O
vaccination	B-TREATMENT
for	O
COVID-19	O
.	O

The	O
patient	O
stated	O
her	O
left	O
hand	O
turned	O
blue	O
and	O
the	O
veins	O
in	O
that	O
hand	O
looked	O
very	O
dark	O
(	O
almost	O
purple	O
)	O
seconds	O
after	O
receiving	O
the	O
vaccine	B-TREATMENT
in	O
the	O
left	O
arm	O
on	O
27	O
Jan2021	O
16:00	O
.	O

Her	O
left	O
hand	O
turned	O
blue	O
like	O
it	O
was	O
cold	B-SYMP
,	O
but	O
she	O
was	O
not	O
cold	B-SYMP
anywhere	O
on	O
my	O
body	O
.	O

Other	O
symptoms	O
experienced	O
because	O
of	O
the	O
COVID-19	O
vaccine	B-TREATMENT
in	O
left	O
arm	O
were	O
soreness	B-SYMP
across	O
entire	O
arm	O
,	O
especially	O
at	O
injection	O
site	O
occurred	O
upon	O
injection	O
and	O
was	O
slowly	O
getting	O
better	O
.	O

The	O
patient	O
took	O
two	O
200	O
mg	O
of	O
ibuprofen	B-TREATMENT
two	O
days	O
(	O
however	O
the	O
patient	O
also	O
reported	O
no	O
treatment	O
was	O
received	O
for	O
the	O
events	O
)	O
after	O
the	O
injection	O
because	O
the	O
pain	B-SYMP
randomly	O
got	O
worse	O
without	O
any	O
outward	O
cause	O
,	O
swollen	B-SYMP
injection	O
site	O
occurred	O
upon	O
injection	O
and	O
is	O
the	O
same	O
at	O
this	O
time	O
.	O

Tingling	B-SYMP
across	O
entire	O
arm	O
occurred	O
upon	O
injection	O
and	O
stopped	O
seven	O
hours	O
later	O
at	O
11pm.	O

The	O
outcome	O
of	O
the	O
event	O
tingling	B-SYMP
across	O
entire	O
arm	O
recovered	O
on	O
27	O
Jan2021	O
at	O
11	O
PM	O
and	O
"	O
my	O
left	O
hand	O
turned	O
blue	O
and	O
the	O
veins	O
in	O
that	O
hand	O
looked	O
very	O
dark	O
(	O
almost	O
purple	O
)	O
"	O
was	O
recovered	O
on	O
27	O
Jan2021	O
and	O
outcome	O
of	O
other	O
events	O
was	O
unknown	O
.	O

multiple	B-SYMP
seizures	I-SYMP
;	O
fever	B-SYMP
;	O
This	O
spontaneous	O
case	O
was	O
reported	O
by	O
a	O
pharmacist	O
and	O
describes	O
the	O
occurrence	O
of	O
SEIZURE	B-SYMP
(	O
multiple	B-SYMP
seizures	I-SYMP
)	O
in	O
a	O
37	O
-	O
year	O
-	O
old	O
male	O
patient	O
who	O
received	O
mRNA-1273	O
(	O
Moderna	B-TREATMENT
COVID-19	O
Vaccine	B-TREATMENT
)	O
(	O
batch	O
no.	O

030	O
M20A	O
)	O
for	O
COVID-19	O
vaccination	B-TREATMENT
.	O

Concurrent	O
medical	O
conditions	O
included	O
Epileptic	B-SYMP
seizure	I-SYMP
.	O

On	O
11	O
-	O
Mar-2021	O
,	O
the	O
patient	O
received	O
first	O
dose	O
of	O
mRNA-1273	O
(	O
Moderna	B-TREATMENT
COVID-19	O
Vaccine	B-TREATMENT
)	O
(	O
unknown	O
route	O
)	O
1	O
dosage	O
form	O
.	O

On	O
15	O
-	O
Mar-2021	O
,	O
the	O
patient	O
experienced	O
SEIZURE	B-SYMP
(	O
multiple	B-SYMP
seizures	I-SYMP
)	O
(	O
seriousness	O
criterion	O
medically	O
significant	O
)	O
and	O
PYREXIA	B-SYMP
(	O
fever	B-SYMP
)	O
.	O

At	O
the	O
time	O
of	O
the	O
report	O
,	O
SEIZURE	B-SYMP
(	O
multiple	B-SYMP
seizures	I-SYMP
)	O
and	O
PYREXIA	B-SYMP
(	O
fever	B-SYMP
)	O
outcome	O
was	O
unknown	O
.	O

The	O
action	O
taken	O
with	O
mRNA-1273	O
(	O
Moderna	B-TREATMENT
COVID-19	O
Vaccine	B-TREATMENT
)	O
(	O
Unknown	O
)	O
was	O
unknown	O
.	O

For	O
mRNA-1273	O
(	O
Moderna	B-TREATMENT
COVID-19	O
Vaccine	B-TREATMENT
)	O
(	O
Unknown	O
)	O
,	O
the	O
reporter	O
did	O
not	O
provide	O
any	O
causality	O
assessments	O
.	O
;	O
Sender	O
's	O
Comments	O
:	O
Based	O
on	O
the	O
current	O
available	O
information	O
and	O
temporal	O
association	O
between	O
the	O
use	O
of	O
the	O
product	O
and	O
the	O
start	O
date	O
of	O
these	O
events	O
,	O
a	O
causal	O
relationship	O
can	O
not	O
be	O
excluded	O
.	O

running	O
a	O
fever	B-SYMP
;	O
This	O
is	O
a	O
spontaneous	O
report	O
from	O
a	O
contactable	O
consumer	O
(	O
patient	O
's	O
mother	O
)	O
.	O

A	O
female	O
patient	O
of	O
an	O
unspecified	O
age	O
(	O
age	O
:	O
19	O
,	O
units	O
:	O
unknown	O
)	O
received	O
BNT162B2	B-TREATMENT
(	O
PFIZER	B-TREATMENT
-	O
BIONTECH	O
COVID-19	O
VACCINE	B-TREATMENT
,	O
Solution	O
for	O
injection	O
,	O
lot	O
number	O
and	O
expiry	O
date	O
unknown	O
)	O
,	O
via	O
an	O
unspecified	O
route	O
of	O
administration	O
,	O
on	O
09	O
Jan2021	O
,	O
at	O
single	O
dose	O
,	O
for	O
covid-19	O
immunization	O
.	O

The	O
patient	O
's	O
mother	O
stated	O
that	O
the	O
patient	O
got	O
the	O
second	O
dose	O
of	O
the	O
Covid-19	O
vaccine	B-TREATMENT
on	O
Saturday	O
,	O
09	O
Jan2021	O
.	O

The	O
patient	O
has	O
been	O
running	O
a	O
fever	B-SYMP
since	O
possibly	O
Saturday	O
night	O
09	O
Jan2021	O
,	O
but	O
definitely	O
since	O
Sunday	O
morning	O
.	O

The	O
fever	B-SYMP
was	O
mostly	O
in	O
the	O
morning	O
and	O
at	O
night	O
around	O
7-8	O
pm	O
.	O

Fever	B-SYMP
in	O
the	O
morning	O
lasts	O
until	O
10	O
-11	O
am	O
.	O

The	O
mother	O
added	O
that	O
today	O
was	O
the	O
first	O
day	O
the	O
fever	B-SYMP
has	O
lasted	O
all	O
day	O
,	O
and	O
the	O
patient	O
had	O
the	O
fever	B-SYMP
at	O
3PM.	O

The	O
mother	O
wanted	O
to	O
know	O
if	O
this	O
was	O
a	O
typical	O
response	O
to	O
the	O
vaccine	B-TREATMENT
(	O
i.e.	O
the	O
duration	O
of	O
the	O
fever	B-SYMP
)	O
.	O

The	O
mother	O
was	O
concerned	O
about	O
the	O
duration	O
of	O
the	O
fever	B-SYMP
and	O
she	O
has	O
given	O
the	O
patient	O
ibuprofen	B-TREATMENT
and	O
Tylenol	B-TREATMENT
.	O

The	O
mother	O
asked	O
for	O
herself	O
if	O
she	O
can	O
use	O
antipyretics	O
before	O
or	O
after	O
vaccination	B-TREATMENT
with	O
the	O
Pfizer	B-TREATMENT
-	O
BioNTech	O
COVID-19	O
vaccine	B-TREATMENT
.	O

The	O
mother	O
was	O
responded	O
per	O
the	O
interim	O
guidelines	O
,	O
"	O
Antipyretic	B-TREATMENT
or	O
analgesic	B-TREATMENT
medications	O
(	O
e.g.	O
,	O
acetaminophen	O
,	O
non-steroidal	O
anti-inflammatory	B-TREATMENT
drugs	I-TREATMENT
)	O
may	O
be	O
taken	O
for	O
the	O
treatment	O
of	O
post-vaccination	B-TREATMENT
local	O
or	O
systemic	O
symptoms	O
,	O
if	O
medically	O
appropriate	O
.	O

However	O
,	O
routine	O
prophylactic	O
administration	O
of	O
these	O
medications	O
for	O
the	O
purpose	O
of	O
preventing	O
post-vaccination	B-TREATMENT
symptoms	O
is	O
not	O
currently	O
recommended	O
,	O
as	O
information	O
on	O
the	O
impact	O
of	O
such	O
use	O
on	O
Pfizer	B-TREATMENT
-	O
BioNTech	O
COVID-19	O
vaccine	B-TREATMENT
-	O
induced	O
antibody	O
responses	O
is	O
not	O
available	O
at	O
this	O
time	O
.	O
"	O
The	O
mother	O
was	O
told	O
to	O
discuss	O
this	O
with	O
her	O
healthcare	O
provider	O
.	O

Fainted	B-SYMP
during	O
the	O
night	O
;	O
I	O
had	O
chills	B-SYMP
with	O
a	O
high	O
fever	B-SYMP
;	O
A	O
spontaneous	O
report	O
was	O
received	O
from	O
a	O
female	O
consumer	O
,	O
age	O
not	O
reported	O
who	O
experienced	O
"	O
chills	B-SYMP
with	O
a	O
high	O
fever	B-SYMP
"	O
,	O
and	O
"	O
fainted	B-SYMP
during	O
the	O
night	O
"	O
after	O
receiving	O
the	O
second	O
dose	O
of	O
mRNA-1273	O
.	O

The	O
patient	O
reported	O
a	O
bad	O
reaction	O
approximately	O
after	O
ten	O
or	O
eleven	O
hours	O
after	O
her	O
immunization	O
,	O
she	O
had	O
chills	B-SYMP
with	O
a	O
high	O
fever	B-SYMP
and	O
then	O
fainted	B-SYMP
during	O
the	O
night	O
.	O

Action	O
taken	O
with	O
the	O
study	O
drug	O
due	O
to	O
the	O
events	O
"	O
chills	B-SYMP
with	O
a	O
high	O
fever	B-SYMP
"	O
,	O
and	O
"	O
fainted	B-SYMP
during	O
the	O
night	O
was	O
not	O
reported	O
.	O

The	O
events	O
"	O
chills	B-SYMP
with	O
a	O
high	O
fever	B-SYMP
"	O
,	O
and	O
"	O
fainted	B-SYMP
during	O
the	O
night	O
"	O
,	O
were	O
considered	O
recovered	O
/	O
resolved	O
on	O
29	O
-	O
Jan-2021	O
.	O
;	O
Reporter	O
's	O
Comments	O
:	O
This	O
case	O
concerns	O
a	O
female	O
patient	O
,	O
who	O
experienced	O
events	O
of	O
chills	B-SYMP
with	O
a	O
high	O
fever	B-SYMP
,	O
and	O
fainted	B-SYMP
during	O
the	O
night	O
.	O

The	O
events	O
occurred	O
10-11	O
hours	O
after	O
the	O
second	O
and	O
last	O
dose	O
of	O
mRNA-1273	O
vaccine	B-TREATMENT
administration	O
.	O
